{
  "K_eq": [
    [
      1.2509,
      -0.6202,
      -0.1813
    ],
    [
      -0.6202,
      1.5128,
      -0.1633
    ],
    [
      -0.1813,
      -0.1633,
      3.2362
    ]
  ],
  "Lambda_chi_calc": 14.050679874802904,
  "Lambda_chi_diff": -2.4126830878046235e-05,
  "Lambda_chi_from_pins": 14.050704001633783,
  "alignment_cosine": 0.9999999999405811,
  "chi": [
    16.0,
    13.0,
    2.0
  ],
  "chi_norm_K": 17.627830269207834,
  "chi_norm_K_diff": 3.0269207833555356e-05,
  "chi_norm_K_pinned": 17.6278,
  "eigvals_sorted": [
    0.7243365965828861,
    2.01559755970808,
    3.259965843709034
  ],
  "sigma_chi": 247.683,
  "soft_index": 0,
  "v_soft": [
    0.7724941867167109,
    0.6276374997061099,
    0.09656034616523725
  ]
}