{
  "Lambda_chi": 14.050704001633783,
  "Omega_chi": 6.459725598436987e-39,
  "alpha2_MZ": 0.03378982034660418,
  "alpha_G_pp": 5.906149417423905e-39,
  "alpha_s_star_MZ": 0.11734109990541612,
  "closure_ratio_Omega_over_alphaGpp": 1.093728780274329
}